game_id,date,team,opponent,home,team_pts,opp_pts,q1_pts,q2_pts,q3_pts,q4_pts,opp_q1_pts,opp_q2_pts,opp_q3_pts,opp_q4_pts,fga,fgm,3pa,3pm,fta,tov,oreb,opp_fga,opp_fta,opp_tov
TeamA_TeamB_0,2023-10-20,TeamA,TeamB,1,110,98,26,27,30,27,24,28,26,20,80,33,33,10,29,14,5,98,21,19
TeamA_TeamB_1,2023-10-22,TeamA,TeamB,1,98,86,27,26,19,26,15,16,24,31,90,38,35,12,23,13,9,84,20,12
TeamA_TeamI_2,2023-10-25,TeamA,TeamI,1,118,100,29,32,22,35,29,20,27,24,94,37,31,11,21,19,7,95,29,10
TeamA_TeamI_3,2023-10-27,TeamA,TeamI,1,96,113,27,21,26,22,21,36,35,21,98,51,29,9,15,11,6,85,28,19
TeamA_TeamJ_4,2023-10-29,TeamA,TeamJ,1,99,120,22,28,32,17,35,30,26,29,84,39,26,10,22,14,9,92,20,19
TeamA_TeamG_5,2023-10-30,TeamA,TeamG,1,97,100,27,26,19,25,24,23,25,28,96,43,31,11,29,17,6,97,16,12
TeamA_TeamH_6,2023-11-02,TeamA,TeamH,0,121,110,31,33,37,20,36,19,28,27,83,36,25,9,27,10,12,86,19,13
TeamA_TeamG_7,2023-11-03,TeamA,TeamG,0,118,115,31,18,35,34,34,31,28,22,95,41,30,9,18,15,6,85,19,15
TeamA_TeamJ_8,2023-11-05,TeamA,TeamJ,0,95,116,26,23,20,26,22,26,32,36,89,39,34,13,21,19,10,82,24,17
TeamA_TeamJ_9,2023-11-07,TeamA,TeamJ,1,81,128,19,16,22,24,35,35,28,30,83,35,43,13,26,12,14,84,15,14
TeamA_TeamH_10,2023-11-10,TeamA,TeamH,0,102,96,26,21,28,27,31,22,15,28,81,35,31,11,17,17,11,82,15,16
TeamA_TeamB_11,2023-11-12,TeamA,TeamB,1,98,117,26,31,23,18,33,28,29,27,97,39,42,16,23,17,7,88,28,15
TeamA_TeamB_12,2023-11-14,TeamA,TeamB,1,108,121,26,25,29,28,26,36,36,23,94,49,38,12,25,15,8,97,16,11
TeamA_TeamE_13,2023-11-15,TeamA,TeamE,1,101,90,23,27,29,22,15,21,25,29,98,53,38,13,18,13,5,83,17,14
TeamA_TeamF_14,2023-11-17,TeamA,TeamF,1,105,106,16,25,26,38,26,26,29,25,87,35,26,9,20,13,13,81,27,19
TeamA_TeamG_15,2023-11-19,TeamA,TeamG,0,104,105,22,19,33,30,24,23,29,29,92,42,25,9,21,10,13,81,28,10
TeamA_TeamH_16,2023-11-21,TeamA,TeamH,1,115,104,27,31,36,21,30,36,22,16,85,35,29,8,23,16,9,93,19,14
TeamA_TeamB_17,2023-11-23,TeamA,TeamB,1,113,93,26,35,24,28,16,28,26,23,95,41,32,12,21,11,7,91,15,14
TeamA_TeamH_18,2023-11-26,TeamA,TeamH,1,114,105,24,27,29,34,25,25,29,26,82,34,28,8,18,10,8,88,27,12
TeamA_TeamF_19,2023-11-28,TeamA,TeamF,0,122,98,30,36,33,23,15,25,31,27,81,39,27,8,18,12,11,82,19,12
TeamA_TeamD_20,2023-11-29,TeamA,TeamD,1,112,118,30,28,28,26,24,37,31,26,97,48,33,13,23,12,5,92,22,15
TeamA_TeamE_21,2023-12-02,TeamA,TeamE,0,97,112,26,27,23,21,32,28,26,26,97,50,25,8,22,13,13,98,27,16
TeamA_TeamE_22,2023-12-04,TeamA,TeamE,0,100,100,22,17,31,30,23,17,32,28,94,50,37,12,28,15,6,89,24,10
TeamA_TeamD_23,2023-12-05,TeamA,TeamD,1,122,110,27,30,35,30,25,31,29,25,90,46,42,12,23,15,9,97,29,14
TeamA_TeamJ_24,2023-12-07,TeamA,TeamJ,1,114,95,32,26,26,30,23,25,22,25,88,35,33,12,16,10,11,84,24,15
TeamA_TeamI_25,2023-12-09,TeamA,TeamI,0,119,102,37,27,27,28,26,20,30,26,82,37,37,11,16,14,5,90,18,15
TeamA_TeamC_26,2023-12-11,TeamA,TeamC,0,118,98,29,35,24,30,26,20,20,32,87,42,44,13,27,18,8,80,29,17
TeamA_TeamF_27,2023-12-14,TeamA,TeamF,1,111,108,28,24,30,29,26,24,33,25,81,34,34,11,25,19,9,87,15,13
TeamA_TeamE_28,2023-12-15,TeamA,TeamE,0,104,101,24,22,22,36,30,22,27,22,82,40,39,12,20,13,9,80,26,16
TeamA_TeamC_29,2023-12-17,TeamA,TeamC,0,109,113,24,29,31,25,32,30,27,24,88,48,29,10,23,13,14,92,26,14
TeamB_TeamA_0,2023-10-21,TeamB,TeamA,1,104,112,26,22,34,22,24,25,24,39,84,35,31,11,20,15,5,97,20,19
TeamB_TeamD_1,2023-10-22,TeamB,TeamD,1,98,90,31,26,22,19,25,26,22,17,82,41,33,11,23,12,7,91,15,12
TeamB_TeamE_2,2023-10-25,TeamB,TeamE,1,106,114,21,32,19,34,28,23,32,31,97,44,34,11,21,12,13,97,29,17
TeamB_TeamG_3,2023-10-27,TeamB,TeamG,0,122,109,24,34,35,29,19,33,26,31,99,44,40,15,29,11,9,95,20,16
TeamB_TeamD_4,2023-10-29,TeamB,TeamD,1,97,113,26,24,29,18,26,29,28,30,90,38,33,11,27,10,5,80,17,12
TeamB_TeamE_5,2023-10-30,TeamB,TeamE,1,107,104,26,24,34,23,24,28,30,22,87,46,26,10,23,11,14,82,23,13
TeamB_TeamG_6,2023-11-01,TeamB,TeamG,1,108,125,28,32,22,26,29,31,31,34,93,40,43,15,16,15,5,92,15,17
TeamB_TeamF_7,2023-11-04,TeamB,TeamF,1,108,118,29,25,27,27,37,21,29,31,97,41,42,15,28,18,6,95,29,17
TeamB_TeamJ_8,2023-11-05,TeamB,TeamJ,0,106,119,23,25,26,32,29,28,28,34,81,35,29,10,19,14,10,80,20,15
TeamB_TeamF_9,2023-11-07,TeamB,TeamF,0,117,120,28,31,28,30,35,21,37,27,86,46,33,10,15,18,12,95,24,14
TeamB_TeamE_10,2023-11-10,TeamB,TeamE,1,112,111,30,28,25,29,37,29,24,21,90,43,36,12,26,15,5,93,24,12
TeamB_TeamI_11,2023-11-12,TeamB,TeamI,1,140,102,32,32,36,40,29,28,23,22,86,44,38,11,15,18,11,96,27,16
TeamB_TeamI_12,2023-11-14,TeamB,TeamI,0,107,95,31,26,28,22,21,22,29,23,89,37,29,9,22,13,12,87,17,15
TeamB_TeamI_13,2023-11-16,TeamB,TeamI,1,106,103,24,28,32,22,17,26,22,38,92,41,36,11,19,12,8,91,25,12
TeamB_TeamH_14,2023-11-18,TeamB,TeamH,0,111,107,31,22,30,28,25,26,29,27,89,36,37,12,16,19,10,96,25,10
TeamB_TeamG_15,2023-11-20,TeamB,TeamG,0,117,102,28,28,29,32,35,24,22,21,97,51,38,13,16,15,11,97,19,17
TeamB_TeamD_16,2023-11-21,TeamB,TeamD,0,114,105,27,28,33,26,31,27,22,25,90,42,25,9,22,13,6,92,26,10
TeamB_TeamA_17,2023-11-24,TeamB,TeamA,1,100,122,25,28,19,28,37,27,25,33,87,36,28,10,27,11,6,92,22,15
TeamB_TeamH_18,2023-11-26,TeamB,TeamH,1,105,110,26,24,27,28,26,29,25,30,92,40,41,12,29,13,14,82,15,16
TeamB_TeamD_19,2023-11-27,TeamB,TeamD,1,103,103,22,23,34,24,27,31,30,15,82,36,29,9,15,17,12,99,29,13
TeamB_TeamA_20,2023-11-30,TeamB,TeamA,0,122,122,22,37,34,29,29,34,34,25,90,47,43,14,19,12,10,88,21,10
TeamB_TeamH_21,2023-12-01,TeamB,TeamH,0,123,94,26,34,35,28,22,28,18,26,83,41,28,10,15,13,12,91,20,18
TeamB_TeamE_22,2023-12-03,TeamB,TeamE,1,99,114,28,22,29,20,35,26,28,25,96,46,25,9,27,17,8,84,22,19
TeamB_TeamD_23,2023-12-05,TeamB,TeamD,0,128,108,41,24,32,31,24,29,31,24,82,37,44,16,17,19,13,87,18,19
TeamB_TeamJ_24,2023-12-07,TeamB,TeamJ,1,98,134,20,22,27,29,40,25,33,36,85,43,33,11,26,10,9,96,20,15
TeamB_TeamI_25,2023-12-10,TeamB,TeamI,0,101,113,24,30,23,24,32,29,35,17,85,39,30,9,28,10,9,95,20,14
TeamB_TeamG_26,2023-12-11,TeamB,TeamG,1,95,93,31,18,25,21,27,16,27,23,87,43,30,10,25,12,13,85,16,11
TeamB_TeamH_27,2023-12-13,TeamB,TeamH,1,105,109,20,33,23,29,30,30,28,21,89,36,31,10,17,17,12,86,15,18
TeamB_TeamA_28,2023-12-16,TeamB,TeamA,1,109,117,29,25,23,32,21,33,35,28,83,43,38,11,16,10,9,90,23,10
TeamB_TeamJ_29,2023-12-17,TeamB,TeamJ,1,100,102,22,30,24,24,33,24,26,19,87,43,38,14,22,14,10,83,21,11
TeamC_TeamH_0,2023-10-21,TeamC,TeamH,1,105,108,16,39,29,21,24,32,23,29,85,45,43,16,17,11,13,94,17,17
TeamC_TeamI_1,2023-10-23,TeamC,TeamI,1,106,88,30,27,26,23,21,17,25,25,86,35,28,9,23,17,14,81,25,17
TeamC_TeamJ_2,2023-10-25,TeamC,TeamJ,1,96,113,23,26,25,22,31,32,24,26,93,48,28,10,23,11,13,95,26,10
TeamC_TeamF_3,2023-10-27,TeamC,TeamF,1,107,115,28,28,32,19,23,30,26,36,88,37,41,14,27,11,10,88,25,18
TeamC_TeamE_4,2023-10-28,TeamC,TeamE,1,97,99,25,22,27,23,29,25,21,24,96,42,26,10,29,15,14,84,19,13
TeamC_TeamB_5,2023-10-30,TeamC,TeamB,0,90,96,23,25,16,26,24,27,24,21,90,46,41,13,28,10,5,96,19,14
TeamC_TeamH_6,2023-11-01,TeamC,TeamH,1,107,99,31,23,21,32,19,27,28,25,88,43,37,11,24,16,8,82,22,16
TeamC_TeamG_7,2023-11-03,TeamC,TeamG,0,90,119,23,25,15,27,41,26,28,24,93,41,26,9,29,12,11,81,22,18
TeamC_TeamJ_8,2023-11-06,TeamC,TeamJ,1,107,132,28,31,22,26,26,31,39,36,82,35,41,15,27,15,6,92,21,12
TeamC_TeamI_9,2023-11-07,TeamC,TeamI,0,81,100,26,20,15,20,32,25,27,16,91,42,26,9,23,12,13,81,26,12
TeamC_TeamF_10,2023-11-10,TeamC,TeamF,0,115,110,31,28,23,33,27,25,29,29,84,40,38,11,21,18,10,83,27,19
TeamC_TeamA_11,2023-11-11,TeamC,TeamA,1,121,102,29,30,33,29,25,30,27,20,95,40,40,14,27,14,11,88,19,11
TeamC_TeamA_12,2023-11-14,TeamC,TeamA,1,115,110,22,29,34,30,30,20,30,30,86,34,26,8,20,11,11,91,15,10
TeamC_TeamB_13,2023-11-15,TeamC,TeamB,0,114,130,37,29,18,30,32,34,31,33,98,48,30,10,15,13,9,80,23,13
TeamC_TeamH_14,2023-11-18,TeamC,TeamH,1,96,93,22,24,24,26,26,24,27,16,96,43,38,15,18,16,12,91,29,15
TeamC_TeamJ_15,2023-11-20,TeamC,TeamJ,0,112,101,29,24,37,22,30,24,25,22,84,35,38,13,23,17,11,92,21,17
TeamC_TeamD_16,2023-11-22,TeamC,TeamD,0,111,125,26,31,28,26,32,31,30,32,88,46,43,15,27,12,8,85,28,12
TeamC_TeamB_17,2023-11-24,TeamC,TeamB,0,101,109,22,23,28,28,23,33,33,20,90,40,39,11,15,10,13,85,21,15
TeamC_TeamF_18,2023-11-25,TeamC,TeamF,1,109,107,26,26,24,33,36,25,20,26,97,45,27,9,15,14,12,83,18,19
TeamC_TeamG_19,2023-11-28,TeamC,TeamG,1,103,112,33,22,23,25,27,26,26,33,81,42,25,7,15,17,14,82,19,14
TeamC_TeamF_20,2023-11-30,TeamC,TeamF,0,118,115,27,32,29,30,27,26,36,26,94,42,38,14,24,11,10,80,19,13
TeamC_TeamD_21,2023-12-01,TeamC,TeamD,1,109,98,29,24,28,28,20,26,30,22,93,38,40,15,27,19,12,86,17,16
TeamC_TeamG_22,2023-12-03,TeamC,TeamG,0,104,117,24,26,31,23,26,32,34,25,91,41,33,10,16,15,10,95,19,10
TeamC_TeamA_23,2023-12-05,TeamC,TeamA,1,96,113,20,21,25,30,30,33,27,23,99,53,28,9,17,11,11,99,25,10
TeamC_TeamG_24,2023-12-07,TeamC,TeamG,0,96,112,15,27,33,21,21,26,30,35,99,45,31,12,18,11,5,99,18,11
TeamC_TeamA_25,2023-12-09,TeamC,TeamA,0,95,121,27,25,25,18,27,37,26,31,80,42,32,12,21,15,13,83,26,15
TeamC_TeamE_26,2023-12-12,TeamC,TeamE,1,114,98,28,35,19,32,30,23,19,26,81,38,28,8,19,17,9,96,25,16
TeamC_TeamB_27,2023-12-14,TeamC,TeamB,1,110,112,34,20,30,26,28,29,31,24,80,37,31,9,15,12,9,92,16,13
TeamC_TeamB_28,2023-12-16,TeamC,TeamB,0,114,116,28,27,28,31,25,28,26,37,93,48,33,11,29,19,8,86,21,18
TeamC_TeamG_29,2023-12-18,TeamC,TeamG,0,103,97,25,29,27,22,22,18,29,28,80,33,29,11,16,14,7,85,19,18
TeamD_TeamF_0,2023-10-21,TeamD,TeamF,0,119,113,38,28,26,27,33,20,27,33,96,51,27,9,21,11,7,92,20,14
TeamD_TeamH_1,2023-10-23,TeamD,TeamH,1,92,103,28,20,18,26,22,25,33,23,99,52,37,13,27,17,8,86,27,15
TeamD_TeamF_2,2023-10-25,TeamD,TeamF,0,104,109,23,31,20,30,28,23,26,32,87,40,38,14,24,10,14,95,15,14
TeamD_TeamB_3,2023-10-26,TeamD,TeamB,0,104,92,23,27,28,26,24,24,28,16,96,44,37,14,24,16,11,81,20,17
TeamD_TeamF_4,2023-10-28,TeamD,TeamF,1,105,92,21,28,30,26,25,24,18,25,86,44,41,13,23,11,6,96,19,12
TeamD_TeamB_5,2023-10-30,TeamD,TeamB,1,109,105,23,25,31,30,23,26,25,31,82,36,43,14,20,16,14,97,19,15
TeamD_TeamE_6,2023-11-01,TeamD,TeamE,1,109,119,23,25,26,35,29,23,35,32,84,45,34,12,27,12,14,95,15,17
TeamD_TeamB_7,2023-11-04,TeamD,TeamB,0,106,107,30,22,30,24,24,28,32,23,86,38,39,13,24,10,5,93,28,16
TeamD_TeamI_8,2023-11-05,TeamD,TeamI,0,107,104,31,32,16,28,25,25,28,26,92,43,34,13,21,19,14,88,28,12
TeamD_TeamH_9,2023-11-08,TeamD,TeamH,0,100,93,22,23,28,27,15,27,19,32,94,50,41,13,18,11,13,98,27,18
TeamD_TeamA_10,2023-11-09,TeamD,TeamA,1,102,106,26,28,23,25,27,19,34,26,96,48,27,9,17,13,10,96,25,19
TeamD_TeamG_11,2023-11-11,TeamD,TeamG,1,115,100,29,25,26,35,25,16,34,25,84,36,42,16,28,12,5,99,27,17
TeamD_TeamF_12,2023-11-14,TeamD,TeamF,1,117,112,28,32,23,34,30,32,20,30,81,42,30,11,25,18,8,99,19,15
TeamD_TeamI_13,2023-11-15,TeamD,TeamI,1,100,104,31,20,23,26,21,27,33,23,86,44,32,10,25,15,6,95,27,12
TeamD_TeamB_14,2023-11-18,TeamD,TeamB,0,101,109,26,27,16,32,24,26,28,31,86,38,44,14,19,16,12,84,24,15
TeamD_TeamJ_15,2023-11-19,TeamD,TeamJ,0,108,114,29,30,26,23,31,26,30,27,83,42,34,12,26,12,5,85,16,17
TeamD_TeamG_16,2023-11-21,TeamD,TeamG,1,118,118,27,27,31,33,27,34,31,26,83,37,25,8,28,17,14,96,18,10
TeamD_TeamB_17,2023-11-23,TeamD,TeamB,0,106,86,27,30,22,27,17,22,20,27,81,42,26,8,17,16,7,80,18,19
TeamD_TeamH_18,2023-11-25,TeamD,TeamH,1,87,114,21,24,18,24,25,28,35,26,92,40,28,10,23,11,6,84,29,16
TeamD_TeamE_19,2023-11-28,TeamD,TeamE,1,110,113,21,34,29,26,29,25,32,27,87,47,40,14,27,16,10,91,25,12
TeamD_TeamH_20,2023-11-29,TeamD,TeamH,1,100,105,25,33,20,22,26,22,28,29,80,36,43,15,26,12,5,96,28,10
TeamD_TeamI_21,2023-12-02,TeamD,TeamI,0,119,104,29,33,32,25,18,21,34,31,84,34,37,14,19,19,5,96,22,11
TeamD_TeamG_22,2023-12-04,TeamD,TeamG,0,95,120,22,22,26,25,25,28,29,38,95,41,29,9,25,12,9,95,26,13
TeamD_TeamI_23,2023-12-05,TeamD,TeamI,1,107,105,27,22,33,25,20,28,23,34,90,38,30,9,17,11,13,95,27,12
TeamD_TeamA_24,2023-12-08,TeamD,TeamA,0,89,95,24,18,22,25,20,25,20,30,80,36,36,13,28,12,13,80,27,17
TeamD_TeamA_25,2023-12-09,TeamD,TeamA,0,104,95,22,28,26,28,22,27,20,26,97,52,40,13,20,10,13,94,27,11
TeamD_TeamA_26,2023-12-11,TeamD,TeamA,0,104,99,32,20,23,29,26,22,29,22,96,43,41,13,28,11,10,97,16,17
TeamD_TeamI_27,2023-12-13,TeamD,TeamI,1,96,100,16,27,33,20,29,28,20,23,94,44,43,16,28,15,13,93,22,17
TeamD_TeamB_28,2023-12-16,TeamD,TeamB,0,103,106,29,20,28,26,27,27,24,28,88,41,35,12,16,10,14,97,26,12
TeamD_TeamH_29,2023-12-18,TeamD,TeamH,0,115,101,31,26,25,33,29,21,25,26,91,43,37,12,22,18,12,97,22,11
TeamE_TeamF_0,2023-10-21,TeamE,TeamF,0,112,115,22,31,31,28,24,24,29,38,85,41,31,12,16,19,11,92,28,19
TeamE_TeamH_1,2023-10-22,TeamE,TeamH,1,114,98,29,32,30,23,15,30,22,31,98,41,42,12,21,13,9,85,26,19
TeamE_TeamA_2,2023-10-25,TeamE,TeamA,0,114,94,26,29,28,31,22,24,26,22,96,43,42,15,23,12,12,97,24,16
TeamE_TeamB_3,2023-10-26,TeamE,TeamB,1,114,101,26,21,28,39,25,24,21,31,93,46,28,8,16,18,5,84,26,13
TeamE_TeamF_4,2023-10-28,TeamE,TeamF,0,126,98,27,41,28,30,18,26,23,31,82,33,29,10,22,13,5,80,28,13
TeamE_TeamB_5,2023-10-30,TeamE,TeamB,1,117,97,39,25,27,26,19,27,30,21,94,42,25,8,15,11,10,97,16,17
TeamE_TeamB_6,2023-11-02,TeamE,TeamB,1,117,109,25,32,30,30,21,31,34,23,86,46,42,16,27,11,5,97,18,19
TeamE_TeamA_7,2023-11-04,TeamE,TeamA,1,94,125,24,21,28,21,27,32,34,32,90,42,42,15,18,11,9,89,22,13
TeamE_TeamG_8,2023-11-06,TeamE,TeamG,1,124,92,33,29,27,35,22,28,21,21,89,42,37,12,16,11,12,95,25,18
TeamE_TeamG_9,2023-11-08,TeamE,TeamG,1,104,109,26,23,26,29,28,29,26,26,98,45,29,9,15,10,8,97,29,14
TeamE_TeamI_10,2023-11-09,TeamE,TeamI,1,107,106,29,28,22,28,29,22,29,26,87,42,44,13,28,15,7,93,21,17
TeamE_TeamH_11,2023-11-11,TeamE,TeamH,0,97,97,28,20,23,26,29,15,24,29,82,41,28,10,24,19,8,99,29,13
TeamE_TeamC_12,2023-11-14,TeamE,TeamC,0,107,95,27,17,35,28,28,18,23,26,96,47,34,12,28,16,10,99,20,14
TeamE_TeamI_13,2023-11-15,TeamE,TeamI,1,107,113,29,29,24,25,29,25,30,29,94,42,28,8,20,10,11,93,21,10
TeamE_TeamJ_14,2023-11-18,TeamE,TeamJ,0,94,108,28,18,27,21,24,25,30,29,80,43,34,12,18,17,7,98,21,10
TeamE_TeamB_15,2023-11-20,TeamE,TeamB,0,109,103,24,34,28,23,22,31,21,29,90,41,40,13,16,16,5,83,22,19
TeamE_TeamI_16,2023-11-21,TeamE,TeamI,1,115,117,28,32,21,34,28,33,23,33,97,51,35,11,23,13,10,97,28,12
TeamE_TeamH_17,2023-11-23,TeamE,TeamH,1,101,115,34,18,21,28,33,28,24,30,85,42,42,13,28,12,7,83,19,18
TeamE_TeamG_18,2023-11-26,TeamE,TeamG,0,104,100,23,30,23,28,34,16,24,26,85,38,34,13,22,18,6,99,16,13
TeamE_TeamF_19,2023-11-27,TeamE,TeamF,1,94,106,26,21,21,26,30,29,27,20,86,35,29,9,24,10,7,81,22,12
TeamE_TeamH_20,2023-11-30,TeamE,TeamH,1,118,116,28,28,37,25,35,26,31,24,88,47,39,12,17,13,12,99,24,14
TeamE_TeamI_21,2023-12-02,TeamE,TeamI,1,113,97,32,26,23,32,25,26,24,22,95,41,34,13,22,11,14,89,21,11
TeamE_TeamF_22,2023-12-03,TeamE,TeamF,1,117,114,29,35,25,28,31,30,31,22,87,40,43,16,19,13,9,85,26,19
TeamE_TeamI_23,2023-12-06,TeamE,TeamI,1,120,106,33,25,31,31,25,28,32,21,95,47,44,13,17,12,11,83,18,15
TeamE_TeamD_24,2023-12-08,TeamE,TeamD,0,98,100,27,24,27,20,17,27,30,26,92,40,41,14,26,14,6,88,28,13
TeamE_TeamF_25,2023-12-09,TeamE,TeamF,1,96,108,29,20,25,22,24,31,27,26,91,46,39,14,20,18,5,86,17,15
TeamE_TeamB_26,2023-12-12,TeamE,TeamB,0,96,110,19,27,20,30,33,20,25,32,83,37,33,11,15,11,14,93,15,14
TeamE_TeamA_27,2023-12-13,TeamE,TeamA,0,120,117,31,32,28,29,30,30,24,33,98,44,31,10,26,19,6,82,28,10
TeamE_TeamA_28,2023-12-15,TeamE,TeamA,0,101,106,30,25,18,28,24,34,20,28,81,38,38,13,29,18,13,96,18,18
TeamE_TeamH_29,2023-12-17,TeamE,TeamH,0,124,115,32,31,32,29,33,22,25,35,99,40,35,11,23,10,12,90,23,19
TeamF_TeamH_0,2023-10-21,TeamF,TeamH,1,107,86,25,24,26,32,17,23,26,20,82,37,36,13,16,17,10,88,15,14
TeamF_TeamC_1,2023-10-22,TeamF,TeamC,0,109,97,22,30,24,33,22,22,32,21,95,44,26,10,20,13,7,80,21,15
TeamF_TeamJ_2,2023-10-25,TeamF,TeamJ,1,108,111,27,26,22,33,34,19,28,30,82,37,40,13,22,15,11,94,27,11
TeamF_TeamD_3,2023-10-27,TeamF,TeamD,0,113,91,30,27,20,36,25,21,15,30,96,51,28,11,18,12,10,84,18,16
TeamF_TeamH_4,2023-10-29,TeamF,TeamH,1,102,106,19,23,36,24,25,23,27,31,91,38,35,12,19,15,12,86,28,10
TeamF_TeamA_5,2023-10-31,TeamF,TeamA,0,109,101,24,26,36,23,28,25,23,25,87,44,39,12,23,14,5,84,27,17
TeamF_TeamA_6,2023-11-01,TeamF,TeamA,1,115,107,18,37,23,37,24,29,27,27,95,44,44,16,21,12,8,97,19,13
TeamF_TeamJ_7,2023-11-03,TeamF,TeamJ,1,108,103,29,27,25,27,32,17,28,26,96,41,32,9,19,15,11,98,15,10
TeamF_TeamH_8,2023-11-06,TeamF,TeamH,1,85,107,15,26,26,18,25,27,26,29,82,35,31,11,26,17,9,80,25,14
TeamF_TeamI_9,2023-11-07,TeamF,TeamI,1,112,110,30,32,23,27,27,32,27,24,95,48,40,12,24,17,7,85,16,18
TeamF_TeamD_10,2023-11-10,TeamF,TeamD,0,117,103,27,24,33,33,23,33,23,24,99,47,35,12,20,18,7,88,19,14
TeamF_TeamI_11,2023-11-12,TeamF,TeamI,0,94,110,27,16,26,25,20,32,29,29,81,34,25,8,25,11,10,97,19,11
TeamF_TeamJ_12,2023-11-14,TeamF,TeamJ,0,97,125,27,20,25,25,39,35,28,23,86,43,39,12,18,18,11,88,25,18
TeamF_TeamA_13,2023-11-16,TeamF,TeamA,0,104,118,17,25,31,31,28,33,42,15,97,44,27,8,26,16,8,83,16,16
TeamF_TeamB_14,2023-11-18,TeamF,TeamB,0,107,108,27,26,27,27,28,26,24,30,90,37,44,14,19,18,11,82,21,18
TeamF_TeamE_15,2023-11-20,TeamF,TeamE,0,117,97,26,32,31,28,21,20,35,21,99,41,34,10,20,13,11,97,22,15
TeamF_TeamG_16,2023-11-22,TeamF,TeamG,1,96,83,30,17,21,28,20,21,19,23,85,43,33,10,16,11,9,89,17,15
TeamF_TeamD_17,2023-11-23,TeamF,TeamD,0,105,110,26,16,26,37,19,32,31,28,82,33,29,11,22,17,14,88,29,13
TeamF_TeamH_18,2023-11-25,TeamF,TeamH,1,103,112,20,31,25,27,36,26,28,22,84,33,37,11,20,19,7,82,15,14
TeamF_TeamB_19,2023-11-27,TeamF,TeamB,1,90,97,27,21,19,23,23,20,32,22,87,41,32,10,22,13,10,98,20,19
TeamF_TeamC_20,2023-11-29,TeamF,TeamC,1,118,104,30,36,31,21,27,26,24,27,91,47,32,12,15,15,13,87,24,10
TeamF_TeamH_21,2023-12-02,TeamF,TeamH,0,104,122,21,21,30,32,29,31,29,33,84,35,34,10,29,13,9,86,25,12
TeamF_TeamI_22,2023-12-03,TeamF,TeamI,1,116,105,38,18,30,30,32,25,33,15,96,46,30,9,27,11,5,92,26,11
TeamF_TeamJ_23,2023-12-05,TeamF,TeamJ,1,96,114,24,16,31,25,39,31,20,24,99,48,27,10,27,14,11,83,27,13
TeamF_TeamC_24,2023-12-08,TeamF,TeamC,0,96,111,22,26,28,20,28,29,25,29,82,44,30,11,15,18,13,94,15,14
TeamF_TeamE_25,2023-12-10,TeamF,TeamE,0,118,113,26,27,36,29,25,27,34,27,83,36,27,10,23,11,7,85,29,11
TeamF_TeamD_26,2023-12-12,TeamF,TeamD,0,113,103,27,31,30,25,22,21,28,32,88,39,39,13,26,18,14,80,21,13
TeamF_TeamD_27,2023-12-13,TeamF,TeamD,1,114,112,28,31,21,34,32,28,25,27,81,33,44,16,20,18,7,84,20,10
TeamF_TeamA_28,2023-12-15,TeamF,TeamA,0,124,96,32,31,30,31,28,17,27,24,96,49,27,8,17,16,13,86,24,11
TeamF_TeamI_29,2023-12-17,TeamF,TeamI,0,102,100,26,27,27,22,23,26,21,30,94,39,27,10,17,12,13,88,18,12
TeamG_TeamD_0,2023-10-21,TeamG,TeamD,1,91,123,18,21,30,22,33,36,28,26,89,41,44,14,28,19,8,81,21,14
TeamG_TeamA_1,2023-10-22,TeamG,TeamA,0,96,103,28,21,20,27,21,26,23,33,97,45,30,9,28,12,10,84,15,13
TeamG_TeamB_2,2023-10-24,TeamG,TeamB,0,114,103,28,29,24,33,29,27,18,29,87,37,28,9,26,13,9,82,20,11
TeamG_TeamE_3,2023-10-27,TeamG,TeamE,0,121,104,17,33,35,36,32,26,28,18,82,35,38,14,23,19,9,86,21,10
TeamG_TeamB_4,2023-10-29,TeamG,TeamB,0,113,108,29,26,26,32,28,32,25,23,96,45,29,10,26,10,8,88,22,13
TeamG_TeamE_5,2023-10-30,TeamG,TeamE,0,93,117,20,24,27,22,41,25,29,22,84,44,41,14,17,13,9,97,27,19
TeamG_TeamA_6,2023-11-01,TeamG,TeamA,0,123,101,32,27,33,31,22,30,25,24,92,37,26,9,28,15,7,93,15,14
TeamG_TeamJ_7,2023-11-03,TeamG,TeamJ,0,112,103,34,25,28,25,20,34,26,23,96,47,43,13,23,13,8,85,28,19
TeamG_TeamD_8,2023-11-06,TeamG,TeamD,0,94,105,20,19,25,30,24,27,30,24,95,44,25,8,16,14,7,92,22,10
TeamG_TeamE_9,2023-11-07,TeamG,TeamE,1,91,115,27,25,21,18,33,27,23,32,91,45,40,14,23,10,12,97,26,11
TeamG_TeamC_10,2023-11-09,TeamG,TeamC,0,113,82,30,28,27,28,24,21,22,15,85,45,25,7,25,10,12,98,28,14
TeamG_TeamA_11,2023-11-12,TeamG,TeamA,1,101,105,28,26,25,22,28,24,26,27,95,43,28,8,28,19,11,85,16,16
TeamG_TeamH_12,2023-11-13,TeamG,TeamH,0,108,103,26,24,27,31,23,23,34,23,99,44,31,10,26,10,8,85,28,13
TeamG_TeamE_13,2023-11-16,TeamG,TeamE,1,119,99,28,36,23,32,22,26,27,24,96,48,31,11,21,15,6,92,15,11
TeamG_TeamC_14,2023-11-18,TeamG,TeamC,1,109,120,17,34,21,37,26,28,34,32,84,42,44,16,27,15,5,94,21,14
TeamG_TeamC_15,2023-11-19,TeamG,TeamC,0,112,108,31,31,28,22,26,32,27,23,94,39,41,15,25,10,6,88,17,13
TeamG_TeamC_16,2023-11-22,TeamG,TeamC,0,109,110,26,17,34,32,25,34,23,28,93,43,32,10,29,12,7,85,19,16
TeamG_TeamC_17,2023-11-23,TeamG,TeamC,1,106,112,21,26,28,31,26,37,28,21,98,48,30,9,19,19,7,84,29,15
TeamG_TeamF_18,2023-11-26,TeamG,TeamF,1,93,108,30,23,22,18,28,19,27,34,89,46,26,8,23,19,6,81,16,14
TeamG_TeamH_19,2023-11-28,TeamG,TeamH,1,102,97,25,23,32,22,30,19,15,33,91,43,31,12,21,14,11,85,27,13
TeamG_TeamC_20,2023-11-29,TeamG,TeamC,0,116,97,26,34,27,29,23,31,21,22,97,52,39,15,20,14,13,81,22,19
TeamG_TeamA_21,2023-12-01,TeamG,TeamA,1,92,111,21,25,25,21,23,29,26,33,92,41,44,16,28,12,5,83,15,15
TeamG_TeamI_22,2023-12-03,TeamG,TeamI,1,106,124,29,26,25,26,37,28,23,36,92,47,31,9,27,12,6,92,18,16
TeamG_TeamE_23,2023-12-05,TeamG,TeamE,0,110,105,27,26,27,30,24,22,34,25,90,47,34,11,24,16,9,95,22,19
TeamG_TeamJ_24,2023-12-08,TeamG,TeamJ,1,110,97,26,21,29,34,16,31,23,27,93,38,31,10,22,12,8,95,21,12
TeamG_TeamA_25,2023-12-10,TeamG,TeamA,1,96,96,21,24,20,31,24,20,26,26,91,43,40,12,28,13,13,95,26,17
TeamG_TeamB_26,2023-12-11,TeamG,TeamB,0,126,110,34,28,36,28,22,34,24,30,97,44,40,12,26,12,5,88,24,17
TeamG_TeamC_27,2023-12-13,TeamG,TeamC,0,135,97,31,29,41,34,32,20,20,25,91,36,40,14,29,15,8,81,24,11
TeamG_TeamD_28,2023-12-15,TeamG,TeamD,0,111,84,27,30,32,22,17,27,18,22,85,42,28,11,22,18,13,83,20,18
TeamG_TeamD_29,2023-12-18,TeamG,TeamD,1,114,96,30,33,26,25,25,29,19,23,83,43,41,14,19,10,8,87,16,11
TeamH_TeamI_0,2023-10-20,TeamH,TeamI,0,83,115,18,15,29,21,26,24,29,36,93,44,35,11,17,19,12,88,23,12
TeamH_TeamA_1,2023-10-23,TeamH,TeamA,0,98,112,29,24,15,30,29,24,31,28,86,36,28,8,28,14,11,95,23,12
TeamH_TeamD_2,2023-10-24,TeamH,TeamD,1,102,114,30,23,29,20,34,22,28,30,82,35,27,8,20,14,11,98,20,15
TeamH_TeamF_3,2023-10-26,TeamH,TeamF,1,117,120,33,30,35,19,24,34,31,31,94,40,37,13,25,19,10,95,15,17
TeamH_TeamE_4,2023-10-29,TeamH,TeamE,0,105,106,23,24,32,26,22,28,31,25,93,42,36,11,19,10,11,87,18,14
TeamH_TeamJ_5,2023-10-31,TeamH,TeamJ,1,107,116,31,29,19,28,33,21,25,37,92,45,42,12,20,13,6,85,23,11
TeamH_TeamA_6,2023-11-02,TeamH,TeamA,1,123,100,30,34,26,33,28,23,26,23,96,42,43,13,15,16,12,95,20,13
TeamH_TeamD_7,2023-11-04,TeamH,TeamD,1,109,102,33,27,34,15,21,28,22,31,95,40,32,12,28,19,10,95,27,16
TeamH_TeamA_8,2023-11-06,TeamH,TeamA,0,111,95,31,22,34,24,15,31,28,21,89,37,40,12,27,12,8,93,24,18
TeamH_TeamA_9,2023-11-07,TeamH,TeamA,0,101,95,22,33,25,21,19,20,34,22,89,46,32,12,18,11,12,81,18,14
TeamH_TeamA_10,2023-11-09,TeamH,TeamA,0,109,104,27,27,30,25,26,28,26,24,83,34,39,13,25,17,14,88,22,11
TeamH_TeamF_11,2023-11-11,TeamH,TeamF,0,110,121,29,32,27,22,27,31,29,34,80,42,38,14,29,13,14,89,25,19
TeamH_TeamG_12,2023-11-14,TeamH,TeamG,1,87,82,16,15,30,26,17,19,22,24,99,48,40,14,17,12,10,95,24,14
TeamH_TeamE_13,2023-11-16,TeamH,TeamE,1,91,110,21,27,25,18,30,23,26,31,94,39,26,9,21,18,9,91,15,19
TeamH_TeamA_14,2023-11-17,TeamH,TeamA,0,107,121,37,27,20,23,30,30,25,36,91,37,36,12,29,17,11,85,23,19
TeamH_TeamF_15,2023-11-19,TeamH,TeamF,0,109,108,22,24,33,30,26,28,28,26,81,40,33,12,23,17,9,94,15,12
TeamH_TeamB_16,2023-11-22,TeamH,TeamB,1,109,100,26,30,31,22,24,23,26,27,98,53,27,9,16,11,12,88,26,18
TeamH_TeamD_17,2023-11-24,TeamH,TeamD,0,108,119,26,29,31,22,30,26,33,30,89,41,28,9,20,12,12,94,28,13
TeamH_TeamI_18,2023-11-26,TeamH,TeamI,1,109,104,26,28,26,29,27,23,26,28,96,42,32,10,19,12,11,84,19,11
TeamH_TeamE_19,2023-11-27,TeamH,TeamE,0,122,108,37,27,31,27,18,22,41,27,89,41,40,15,18,19,10,80,28,19
TeamH_TeamG_20,2023-11-30,TeamH,TeamG,0,97,105,26,28,20,23,29,26,26,24,88,43,32,10,16,11,11,81,15,16
TeamH_TeamB_21,2023-12-01,TeamH,TeamB,0,116,126,31,29,24,32,29,30,38,29,97,49,25,8,16,19,11,89,15,16
TeamH_TeamA_22,2023-12-03,TeamH,TeamA,1,92,102,19,27,30,16,25,30,31,16,92,39,25,9,27,15,14,85,16,16
TeamH_TeamI_23,2023-12-05,TeamH,TeamI,0,101,102,24,20,29,28,18,29,27,28,91,44,37,12,23,11,8,93,22,13
TeamH_TeamJ_24,2023-12-08,TeamH,TeamJ,0,110,114,30,26,25,29,23,31,28,32,88,48,34,13,20,15,7,85,18,13
TeamH_TeamA_25,2023-12-10,TeamH,TeamA,0,104,97,21,24,26,33,19,29,26,23,92,44,28,9,17,13,10,84,23,14
TeamH_TeamJ_26,2023-12-11,TeamH,TeamJ,0,127,115,33,42,17,35,26,27,38,24,85,44,36,10,19,19,8,86,15,17
TeamH_TeamG_27,2023-12-14,TeamH,TeamG,1,115,113,33,23,26,33,37,22,27,27,94,41,27,10,16,12,14,91,23,14
TeamH_TeamB_28,2023-12-15,TeamH,TeamB,0,116,116,26,36,28,26,31,37,24,24,97,42,33,11,16,17,10,92,16,16
TeamH_TeamE_29,2023-12-17,TeamH,TeamE,0,116,101,29,27,33,27,20,26,28,27,86,45,39,11,16,16,10,98,16,17
TeamI_TeamF_0,2023-10-21,TeamI,TeamF,1,94,98,28,16,25,25,21,27,18,32,89,48,25,7,16,17,11,96,28,19
TeamI_TeamA_1,2023-10-22,TeamI,TeamA,0,93,97,21,26,22,24,25,24,29,19,98,41,38,14,16,10,11,80,16,19
TeamI_TeamE_2,2023-10-25,TeamI,TeamE,1,114,122,25,28,33,28,39,31,28,24,97,40,39,14,15,18,11,85,16,12
TeamI_TeamH_3,2023-10-27,TeamI,TeamH,0,109,100,33,30,16,30,23,32,25,20,82,42,40,14,27,11,10,98,21,10
TeamI_TeamF_4,2023-10-28,TeamI,TeamF,0,119,126,29,29,30,31,30,25,37,34,90,38,28,10,23,16,8,87,24,15
TeamI_TeamF_5,2023-10-31,TeamI,TeamF,1,105,97,22,27,31,25,21,25,24,27,81,40,35,11,20,17,10,88,16,19
TeamI_TeamD_6,2023-11-02,TeamI,TeamD,1,108,109,25,25,28,30,26,23,32,28,84,37,40,12,16,18,8,91,18,13
TeamI_TeamH_7,2023-11-04,TeamI,TeamH,1,110,105,21,31,24,34,30,24,26,25,89,46,42,13,17,11,13,81,21,17
TeamI_TeamG_8,2023-11-06,TeamI,TeamG,0,120,106,31,23,41,25,21,27,28,30,97,52,44,15,27,16,10,80,27,18
TeamI_TeamA_9,2023-11-08,TeamI,TeamA,0,115,107,35,33,25,22,24,26,30,27,85,43,29,10,20,10,7,81,18,18
TeamI_TeamF_10,2023-11-09,TeamI,TeamF,1,95,116,22,16,25,32,25,30,38,23,93,46,26,9,17,18,7,85,26,17
TeamI_TeamB_11,2023-11-12,TeamI,TeamB,0,98,116,26,28,23,21,38,22,30,26,99,44,41,12,20,16,10,96,18,18
TeamI_TeamE_12,2023-11-13,TeamI,TeamE,1,102,112,30,28,29,15,23,36,32,21,98,51,29,10,19,19,14,80,27,10
TeamI_TeamG_13,2023-11-15,TeamI,TeamG,0,104,96,25,26,20,33,15,25,28,28,80,38,37,11,17,18,13,99,17,19
TeamI_TeamB_14,2023-11-18,TeamI,TeamB,1,110,109,31,29,20,30,23,25,37,24,84,40,30,10,28,15,5,90,24,10
TeamI_TeamF_15,2023-11-20,TeamI,TeamF,0,99,112,23,22,24,30,35,25,26,26,94,43,33,11,29,11,12,94,17,15
TeamI_TeamF_16,2023-11-21,TeamI,TeamF,1,111,106,31,26,32,22,20,24,32,30,94,38,31,12,17,13,14,88,20,11
TeamI_TeamD_17,2023-11-24,TeamI,TeamD,0,103,118,22,22,32,27,34,28,28,28,95,49,39,14,19,12,13,81,15,13
TeamI_TeamC_18,2023-11-26,TeamI,TeamC,1,107,103,33,26,25,23,28,28,27,20,82,44,25,8,20,17,5,89,29,19
TeamI_TeamE_19,2023-11-28,TeamI,TeamE,0,115,111,24,28,38,25,25,21,28,37,94,51,40,13,17,11,13,85,24,14
TeamI_TeamE_20,2023-11-30,TeamI,TeamE,1,112,108,33,34,29,16,28,20,30,30,86,39,28,9,29,19,13,92,15,15
TeamI_TeamJ_21,2023-12-01,TeamI,TeamJ,0,115,122,25,24,34,32,30,29,31,32,93,44,32,11,15,17,8,91,29,14
TeamI_TeamA_22,2023-12-04,TeamI,TeamA,1,96,103,21,29,16,30,22,23,30,28,80,42,33,10,23,13,7,92,26,10
TeamI_TeamJ_23,2023-12-05,TeamI,TeamJ,0,98,86,25,24,24,25,20,24,25,17,95,47,30,10,17,12,7,83,26,12
TeamI_TeamB_24,2023-12-08,TeamI,TeamB,1,120,106,29,33,29,29,30,30,23,23,98,53,41,14,21,10,10,94,29,13
TeamI_TeamG_25,2023-12-09,TeamI,TeamG,0,83,98,16,19,22,26,24,16,32,26,80,42,33,10,15,19,13,95,27,10
TeamI_TeamE_26,2023-12-11,TeamI,TeamE,1,108,112,27,36,22,23,28,38,18,28,89,36,44,14,26,19,7,85,22,14
TeamI_TeamA_27,2023-12-14,TeamI,TeamA,0,106,93,23,22,33,28,22,27,24,20,85,38,39,14,28,14,14,83,27,12
TeamI_TeamB_28,2023-12-16,TeamI,TeamB,0,119,98,31,26,30,32,30,24,26,18,82,33,35,12,16,15,9,88,25,12
TeamI_TeamF_29,2023-12-18,TeamI,TeamF,1,125,87,31,33,35,26,21,15,26,25,93,45,44,17,26,14,14,91,25,15
TeamJ_TeamD_0,2023-10-20,TeamJ,TeamD,1,108,106,32,34,15,27,23,28,22,33,82,33,25,9,28,15,12,86,25,17
TeamJ_TeamH_1,2023-10-22,TeamJ,TeamH,0,118,123,30,32,27,29,43,28,26,26,86,46,28,10,20,13,11,99,25,16
TeamJ_TeamG_2,2023-10-24,TeamJ,TeamG,1,97,112,27,21,24,25,29,24,35,24,89,42,32,12,26,16,10,96,15,14
TeamJ_TeamG_3,2023-10-27,TeamJ,TeamG,0,99,105,22,27,28,22,29,28,22,26,84,39,37,11,16,12,11,92,25,16
TeamJ_TeamH_4,2023-10-29,TeamJ,TeamH,1,103,105,29,21,30,23,25,19,27,34,82,44,43,16,21,10,13,80,22,17
TeamJ_TeamB_5,2023-10-31,TeamJ,TeamB,1,111,99,22,25,26,38,20,27,28,24,96,42,35,13,22,19,7,99,25,11
TeamJ_TeamB_6,2023-11-01,TeamJ,TeamB,1,117,95,33,20,36,28,18,23,24,30,97,49,29,11,29,15,12,89,25,11
TeamJ_TeamI_7,2023-11-03,TeamJ,TeamI,1,91,108,26,25,19,21,23,26,31,28,98,51,32,10,17,11,6,89,18,17
TeamJ_TeamE_8,2023-11-05,TeamJ,TeamE,0,93,104,24,28,24,17,25,32,26,21,87,47,30,10,26,15,13,88,16,14
TeamJ_TeamD_9,2023-11-08,TeamJ,TeamD,1,102,110,19,25,24,34,23,34,26,27,95,49,33,13,17,15,6,84,23,19
TeamJ_TeamI_10,2023-11-10,TeamJ,TeamI,1,101,100,27,27,26,21,32,26,27,15,88,40,31,10,22,18,10,92,20,15
TeamJ_TeamB_11,2023-11-12,TeamJ,TeamB,1,100,100,22,27,18,33,19,34,26,21,92,50,42,14,23,15,10,97,17,10
TeamJ_TeamH_12,2023-11-14,TeamJ,TeamH,0,116,126,30,24,32,30,33,29,33,31,87,42,27,10,17,16,6,89,18,15
TeamJ_TeamE_13,2023-11-15,TeamJ,TeamE,1,125,133,39,28,30,28,35,28,37,33,93,38,32,10,29,13,11,83,20,14
TeamJ_TeamH_14,2023-11-17,TeamJ,TeamH,1,119,112,25,38,26,30,32,26,27,27,83,33,38,12,21,14,5,84,26,10
TeamJ_TeamH_15,2023-11-19,TeamJ,TeamH,0,112,109,30,20,34,28,30,26,23,30,88,42,41,13,23,10,14,83,19,10
TeamJ_TeamC_16,2023-11-22,TeamJ,TeamC,0,109,113,30,18,21,40,35,23,26,29,82,44,30,10,23,11,13,80,18,10
TeamJ_TeamE_17,2023-11-23,TeamJ,TeamE,0,115,93,16,31,43,25,22,23,31,17,92,37,32,12,25,13,6,98,21,12
TeamJ_TeamI_18,2023-11-25,TeamJ,TeamI,1,97,103,19,32,21,25,28,24,22,29,96,39,25,8,20,14,14,90,21,13
TeamJ_TeamI_19,2023-11-27,TeamJ,TeamI,1,105,103,29,18,25,33,30,22,29,22,89,44,33,10,19,17,7,90,27,15
TeamJ_TeamF_20,2023-11-29,TeamJ,TeamF,0,110,103,28,28,24,30,23,23,28,29,84,45,28,9,25,12,12,98,22,19
TeamJ_TeamB_21,2023-12-02,TeamJ,TeamB,0,94,105,27,22,26,19,23,30,30,22,94,51,32,12,29,12,14,99,28,12
TeamJ_TeamB_22,2023-12-04,TeamJ,TeamB,0,97,93,30,24,28,15,19,26,27,21,89,44,43,12,24,14,11,95,27,13
TeamJ_TeamD_23,2023-12-05,TeamJ,TeamD,1,92,108,21,23,21,27,27,29,28,24,89,38,38,12,19,14,7,92,21,16
TeamJ_TeamF_24,2023-12-07,TeamJ,TeamF,0,103,92,24,27,30,22,24,20,30,18,84,35,38,13,26,14,5,98,18,15
TeamJ_TeamI_25,2023-12-09,TeamJ,TeamI,0,108,106,29,24,27,28,26,36,19,25,97,52,35,12,29,19,13,80,24,14
TeamJ_TeamB_26,2023-12-12,TeamJ,TeamB,1,86,102,23,23,19,21,20,28,29,25,98,45,36,13,18,12,9,99,17,11
TeamJ_TeamG_27,2023-12-14,TeamJ,TeamG,0,115,114,19,30,36,30,33,28,21,32,87,47,38,13,27,15,7,94,18,15
TeamJ_TeamB_28,2023-12-15,TeamJ,TeamB,0,109,110,35,27,26,21,36,23,22,29,96,51,29,9,22,16,5,90,16,15
TeamJ_TeamA_29,2023-12-17,TeamJ,TeamA,1,92,109,21,25,28,18,27,24,18,40,95,50,37,11,16,15,14,89,25,12
